{
  "experiment_name": "edge_tpu_v6_performance_comparison",
  "response_variable": "latency_ms",
  "descriptive_statistics": {
    "n": 243,
    "mean": 7.542924889111419,
    "std": 6.0706188299533785,
    "min": 1.8166122888337637,
    "max": 20.076822746251903,
    "median": 4.294266837871734,
    "q25": 2.5686571513560628,
    "q75": 14.761306223595206
  },
  "factor_effects": {
    "device": {
      "edge_tpu_v6": {
        "mean": 2.436982530184623,
        "n": 81,
        "std": 0.2412708094704226,
        "effect_size": -0.8428269166915203
      },
      "jetson_nano": {
        "mean": 15.922292822985225,
        "n": 81,
        "std": 1.7111806688622175,
        "effect_size": 1.3831642316101413
      },
      "edge_tpu_v5e": {
        "mean": 4.269499314164408,
        "n": 81,
        "std": 0.3936139223431003,
        "effect_size": -0.5403373149186214
      }
    },
    "model": {
      "yolov5n": {
        "mean": 7.426208112985383,
        "n": 81,
        "std": 5.852289752595315,
        "effect_size": -0.01926618704899724
      },
      "mobilenet_v3": {
        "mean": 7.554375859104699,
        "n": 81,
        "std": 6.090293747611003,
        "effect_size": 0.0018901869731626547
      },
      "efficientnet_b0": {
        "mean": 7.6481906952441765,
        "n": 81,
        "std": 6.333437512437976,
        "effect_size": 0.017376000075834588
      }
    },
    "batch_size": {
      "8": {
        "mean": 7.5831649791256455,
        "n": 81,
        "std": 6.1072591728404735,
        "effect_size": 0.006642345057966544
      },
      "4": {
        "mean": 7.42828504375417,
        "n": 81,
        "std": 5.923178006696531,
        "effect_size": -0.018923352556755434
      },
      "1": {
        "mean": 7.617324644454442,
        "n": 81,
        "std": 6.251027624586644,
        "effect_size": 0.012281007498788745
      }
    },
    "quantization": {
      "int8": {
        "mean": 7.496182530068621,
        "n": 81,
        "std": 6.000303370964839,
        "effect_size": -0.007715660612982341
      },
      "fp16": {
        "mean": 7.598469538175785,
        "n": 81,
        "std": 6.206741372807455,
        "effect_size": 0.009168635683437681
      },
      "uint8": {
        "mean": 7.53412259908985,
        "n": 81,
        "std": 6.078310280579813,
        "effect_size": -0.001452975070455633
      }
    }
  },
  "interaction_effects": {
    "device_x_model": {
      "magnitude": 13.967199883257777,
      "cell_means": {
        "('edge_tpu_v6', 'yolov5n')": 2.5072992831133707,
        "('edge_tpu_v6', 'mobilenet_v3')": 2.395920264408776,
        "('jetson_nano', 'efficientnet_b0')": 16.363120147666553,
        "('jetson_nano', 'yolov5n')": 15.486619253903212,
        "('edge_tpu_v6', 'efficientnet_b0')": 2.407728043031722,
        "('edge_tpu_v5e', 'yolov5n')": 4.284705801939559,
        "('edge_tpu_v5e', 'mobilenet_v3')": 4.350068245519405,
        "('jetson_nano', 'mobilenet_v3')": 15.917139067385914,
        "('edge_tpu_v5e', 'efficientnet_b0')": 4.173723895034258
      }
    },
    "device_x_batch_size": {
      "magnitude": 13.849534965928182,
      "cell_means": {
        "('edge_tpu_v6', 8)": 2.480836395422141,
        "('jetson_nano', 8)": 15.999335000047232,
        "('jetson_nano', 4)": 15.533927246224945,
        "('edge_tpu_v6', 4)": 2.3840812567553202,
        "('edge_tpu_v5e', 8)": 4.269323541907563,
        "('edge_tpu_v6', 1)": 2.4460299383764084,
        "('edge_tpu_v5e', 4)": 4.366846628282245,
        "('edge_tpu_v5e', 1)": 4.172327772303414,
        "('jetson_nano', 1)": 16.2336162226835
      }
    },
    "device_x_quantization": {
      "magnitude": 13.735952750588645,
      "cell_means": {
        "('edge_tpu_v6', 'int8')": 2.413971000544016,
        "('jetson_nano', 'fp16')": 16.14992375113266,
        "('jetson_nano', 'uint8')": 15.858613669127125,
        "('edge_tpu_v6', 'uint8')": 2.4791887002106283,
        "('edge_tpu_v5e', 'fp16')": 4.227696973595473,
        "('jetson_nano', 'int8')": 15.758341048695897,
        "('edge_tpu_v5e', 'int8')": 4.316235540965952,
        "('edge_tpu_v6', 'fp16')": 2.4177878897992247,
        "('edge_tpu_v5e', 'uint8')": 4.264565427931799
      }
    },
    "model_x_batch_size": {
      "magnitude": 0.6704432530800251,
      "cell_means": {
        "('yolov5n', 8)": 7.371402277035511,
        "('mobilenet_v3', 8)": 7.543057992378971,
        "('efficientnet_b0', 8)": 7.835034667962454,
        "('yolov5n', 4)": 7.382412965717371,
        "('efficientnet_b0', 4)": 7.219547082345026,
        "('efficientnet_b0', 1)": 7.889990335425051,
        "('mobilenet_v3', 4)": 7.682895083200111,
        "('yolov5n', 1)": 7.524809096203258,
        "('mobilenet_v3', 1)": 7.437174501735013
      }
    },
    "model_x_quantization": {
      "magnitude": 0.5279016836522903,
      "cell_means": {
        "('yolov5n', 'int8')": 7.494401640364385,
        "('mobilenet_v3', 'int8')": 7.577218870722695,
        "('efficientnet_b0', 'fp16')": 7.6551976884859965,
        "('efficientnet_b0', 'uint8')": 7.872447318127753,
        "('yolov5n', 'uint8')": 7.385374844666334,
        "('yolov5n', 'fp16')": 7.398847853925422,
        "('efficientnet_b0', 'int8')": 7.416927079118784,
        "('mobilenet_v3', 'fp16')": 7.74136307211594,
        "('mobilenet_v3', 'uint8')": 7.3445456344754625
      }
    },
    "batch_size_x_quantization": {
      "magnitude": 0.6500902751197675,
      "cell_means": {
        "(8, 'int8')": 7.500130602297497,
        "(8, 'fp16')": 7.593453523249541,
        "(8, 'uint8')": 7.655910811829899,
        "(4, 'uint8')": 7.478314197776282,
        "(1, 'int8')": 7.819253631514068,
        "(4, 'fp16')": 7.637377577091927,
        "(1, 'fp16')": 7.564577514185888,
        "(1, 'uint8')": 7.468142787663367,
        "(4, 'int8')": 7.169163356394301
      }
    }
  },
  "analysis_timestamp": "2025-08-17T15:18:47.573474+00:00",
  "sample_size": 243
}